{
  "95e37a30e297909363f4292c29fdd875" : {
    "statistic" : {
      "failed" : 0,
      "broken" : 0,
      "skipped" : 0,
      "passed" : 6,
      "unknown" : 0,
      "total" : 6
    },
    "items" : [ {
      "uid" : "1c9edf7d2cd81f10",
      "reportUrl" : "http://devops.sqtest.online:7073/job/test44_tiffany/21/allure/#testresult/1c9edf7d2cd81f10",
      "status" : "passed",
      "time" : {
        "start" : 1614439309379,
        "stop" : 1614439310400,
        "duration" : 1021
      }
    }, {
      "uid" : "4a4628b2be7c9fe8",
      "reportUrl" : "http://devops.sqtest.online:7073/job/test44_tiffany/20/allure/#testresult/4a4628b2be7c9fe8",
      "status" : "passed",
      "time" : {
        "start" : 1614439309379,
        "stop" : 1614439310400,
        "duration" : 1021
      }
    }, {
      "uid" : "d5ba26ab549e715",
      "reportUrl" : "http://devops.sqtest.online:7073/job/test44_tiffany/19/allure/#testresult/d5ba26ab549e715",
      "status" : "passed",
      "time" : {
        "start" : 1614439309379,
        "stop" : 1614439310400,
        "duration" : 1021
      }
    }, {
      "uid" : "fded640f3f58b8f7",
      "reportUrl" : "http://devops.sqtest.online:7073/job/test44_tiffany/18/allure/#testresult/fded640f3f58b8f7",
      "status" : "passed",
      "time" : {
        "start" : 1614438527269,
        "stop" : 1614438528285,
        "duration" : 1016
      }
    }, {
      "uid" : "2b0a87cf342dbde6",
      "reportUrl" : "http://devops.sqtest.online:7073/job/test44_tiffany/17/allure/#testresult/2b0a87cf342dbde6",
      "status" : "passed",
      "time" : {
        "start" : 1614438527269,
        "stop" : 1614438528285,
        "duration" : 1016
      }
    }, {
      "uid" : "8f73a8e76f58e41c",
      "reportUrl" : "http://devops.sqtest.online:7073/job/test44_tiffany/16/allure/#testresult/8f73a8e76f58e41c",
      "status" : "passed",
      "time" : {
        "start" : 1614438527269,
        "stop" : 1614438528285,
        "duration" : 1016
      }
    } ]
  },
  "1de5ef47f6cb38a10483a602b7abafc8" : {
    "statistic" : {
      "failed" : 0,
      "broken" : 0,
      "skipped" : 0,
      "passed" : 15,
      "unknown" : 0,
      "total" : 15
    },
    "items" : [ {
      "uid" : "5ea5aaf7bedec141",
      "reportUrl" : "http://devops.sqtest.online:7073/job/test44_tiffany/21/allure/#testresult/5ea5aaf7bedec141",
      "status" : "passed",
      "time" : {
        "start" : 1614427077925,
        "stop" : 1614427078930,
        "duration" : 1005
      }
    }, {
      "uid" : "ae7ba7338f49742f",
      "reportUrl" : "http://devops.sqtest.online:7073/job/test44_tiffany/20/allure/#testresult/ae7ba7338f49742f",
      "status" : "passed",
      "time" : {
        "start" : 1614427077925,
        "stop" : 1614427078930,
        "duration" : 1005
      }
    }, {
      "uid" : "e00b971ba294356d",
      "reportUrl" : "http://devops.sqtest.online:7073/job/test44_tiffany/19/allure/#testresult/e00b971ba294356d",
      "status" : "passed",
      "time" : {
        "start" : 1614427077925,
        "stop" : 1614427078930,
        "duration" : 1005
      }
    }, {
      "uid" : "788cbe2c26a24c8e",
      "reportUrl" : "http://devops.sqtest.online:7073/job/test44_tiffany/18/allure/#testresult/788cbe2c26a24c8e",
      "status" : "passed",
      "time" : {
        "start" : 1614427077925,
        "stop" : 1614427078930,
        "duration" : 1005
      }
    }, {
      "uid" : "314e23ab111c0bd7",
      "reportUrl" : "http://devops.sqtest.online:7073/job/test44_tiffany/17/allure/#testresult/314e23ab111c0bd7",
      "status" : "passed",
      "time" : {
        "start" : 1614427077925,
        "stop" : 1614427078930,
        "duration" : 1005
      }
    }, {
      "uid" : "e04fc8e939547df2",
      "reportUrl" : "http://devops.sqtest.online:7073/job/test44_tiffany/16/allure/#testresult/e04fc8e939547df2",
      "status" : "passed",
      "time" : {
        "start" : 1614427077925,
        "stop" : 1614427078930,
        "duration" : 1005
      }
    }, {
      "uid" : "55f446f03f77bb38",
      "reportUrl" : "http://devops.sqtest.online:7073/job/test44_tiffany/15/allure/#testresult/55f446f03f77bb38",
      "status" : "passed",
      "time" : {
        "start" : 1614427077925,
        "stop" : 1614427078930,
        "duration" : 1005
      }
    }, {
      "uid" : "1ee9138f74f9876a",
      "reportUrl" : "http://devops.sqtest.online:7073/job/test44_tiffany/14/allure/#testresult/1ee9138f74f9876a",
      "status" : "passed",
      "time" : {
        "start" : 1614427077925,
        "stop" : 1614427078930,
        "duration" : 1005
      }
    }, {
      "uid" : "e41509562579d1f",
      "reportUrl" : "http://devops.sqtest.online:7073/job/test44_tiffany/13/allure/#testresult/e41509562579d1f",
      "status" : "passed",
      "time" : {
        "start" : 1614427077925,
        "stop" : 1614427078930,
        "duration" : 1005
      }
    }, {
      "uid" : "357575da49dbf279",
      "reportUrl" : "http://devops.sqtest.online:7073/job/test44_tiffany/12/allure/#testresult/357575da49dbf279",
      "status" : "passed",
      "time" : {
        "start" : 1614427077925,
        "stop" : 1614427078930,
        "duration" : 1005
      }
    }, {
      "uid" : "2c5a0f3a5a4a4ad7",
      "reportUrl" : "http://devops.sqtest.online:7073/job/test44_tiffany/11/allure/#testresult/2c5a0f3a5a4a4ad7",
      "status" : "passed",
      "time" : {
        "start" : 1614427077925,
        "stop" : 1614427078930,
        "duration" : 1005
      }
    }, {
      "uid" : "d5d7754447bf6d98",
      "reportUrl" : "http://devops.sqtest.online:7073/job/test44_tiffany/10/allure/#testresult/d5d7754447bf6d98",
      "status" : "passed",
      "time" : {
        "start" : 1614427077925,
        "stop" : 1614427078930,
        "duration" : 1005
      }
    }, {
      "uid" : "bd712366b38c3921",
      "reportUrl" : "http://devops.sqtest.online:7073/job/test44_tiffany/9/allure/#testresult/bd712366b38c3921",
      "status" : "passed",
      "time" : {
        "start" : 1614427077925,
        "stop" : 1614427078930,
        "duration" : 1005
      }
    }, {
      "uid" : "10a3a4d2e117fef0",
      "reportUrl" : "http://devops.sqtest.online:7073/job/test44_tiffany/8/allure/#testresult/10a3a4d2e117fef0",
      "status" : "passed",
      "time" : {
        "start" : 1614427077925,
        "stop" : 1614427078930,
        "duration" : 1005
      }
    }, {
      "uid" : "91ecc1ccd222753e",
      "reportUrl" : "http://devops.sqtest.online:7073/job/test44_tiffany/7/allure/#testresult/91ecc1ccd222753e",
      "status" : "passed",
      "time" : {
        "start" : 1614427077925,
        "stop" : 1614427078930,
        "duration" : 1005
      }
    } ]
  }
}