[ {
  "buildOrder" : 21,
  "reportUrl" : "http://devops.sqtest.online:7073/job/test44_tiffany/21/allure",
  "reportName" : "AllureReport",
  "data" : {
    "run" : 2,
    "retry" : 1
  }
}, {
  "buildOrder" : 20,
  "reportUrl" : "http://devops.sqtest.online:7073/job/test44_tiffany/20/allure",
  "reportName" : "AllureReport",
  "data" : {
    "run" : 2,
    "retry" : 1
  }
}, {
  "buildOrder" : 19,
  "reportUrl" : "http://devops.sqtest.online:7073/job/test44_tiffany/19/allure",
  "reportName" : "AllureReport",
  "data" : {
    "run" : 2,
    "retry" : 1
  }
}, {
  "buildOrder" : 18,
  "reportUrl" : "http://devops.sqtest.online:7073/job/test44_tiffany/18/allure",
  "reportName" : "AllureReport",
  "data" : {
    "run" : 2,
    "retry" : 0
  }
}, {
  "buildOrder" : 17,
  "reportUrl" : "http://devops.sqtest.online:7073/job/test44_tiffany/17/allure",
  "reportName" : "AllureReport",
  "data" : {
    "run" : 2,
    "retry" : 0
  }
}, {
  "buildOrder" : 16,
  "reportUrl" : "http://devops.sqtest.online:7073/job/test44_tiffany/16/allure",
  "reportName" : "AllureReport",
  "data" : {
    "run" : 2,
    "retry" : 0
  }
}, {
  "buildOrder" : 15,
  "reportUrl" : "http://devops.sqtest.online:7073/job/test44_tiffany/15/allure",
  "reportName" : "AllureReport",
  "data" : {
    "run" : 1,
    "retry" : 0
  }
}, {
  "buildOrder" : 14,
  "reportUrl" : "http://devops.sqtest.online:7073/job/test44_tiffany/14/allure",
  "reportName" : "AllureReport",
  "data" : {
    "run" : 1,
    "retry" : 0
  }
}, {
  "buildOrder" : 13,
  "reportUrl" : "http://devops.sqtest.online:7073/job/test44_tiffany/13/allure",
  "reportName" : "AllureReport",
  "data" : {
    "run" : 1,
    "retry" : 0
  }
}, {
  "buildOrder" : 12,
  "reportUrl" : "http://devops.sqtest.online:7073/job/test44_tiffany/12/allure",
  "reportName" : "AllureReport",
  "data" : {
    "run" : 1,
    "retry" : 0
  }
}, {
  "buildOrder" : 11,
  "reportUrl" : "http://devops.sqtest.online:7073/job/test44_tiffany/11/allure",
  "reportName" : "AllureReport",
  "data" : {
    "run" : 1,
    "retry" : 0
  }
}, {
  "buildOrder" : 10,
  "reportUrl" : "http://devops.sqtest.online:7073/job/test44_tiffany/10/allure",
  "reportName" : "AllureReport",
  "data" : {
    "run" : 1,
    "retry" : 0
  }
}, {
  "buildOrder" : 9,
  "reportUrl" : "http://devops.sqtest.online:7073/job/test44_tiffany/9/allure",
  "reportName" : "AllureReport",
  "data" : {
    "run" : 1,
    "retry" : 0
  }
}, {
  "buildOrder" : 8,
  "reportUrl" : "http://devops.sqtest.online:7073/job/test44_tiffany/8/allure",
  "reportName" : "AllureReport",
  "data" : {
    "run" : 1,
    "retry" : 0
  }
}, {
  "buildOrder" : 7,
  "reportUrl" : "http://devops.sqtest.online:7073/job/test44_tiffany/7/allure",
  "reportName" : "AllureReport",
  "data" : {
    "run" : 1,
    "retry" : 0
  }
} ]